run_id,dataset,algorithm,M,budget_label,seed,k,precision_at_k,recall_at_k,overlap_at_k,mae_heavy,mae_mid,mae_rare,rel_err_heavy,rel_err_mid,rel_err_rare,updates_per_sec,query_ms,memory_counters,memory_bytes,F0,F1,F2,skew,timestamp
c4ffff43-2ece-4700-8717-258b5bbb8062,uniform,MG,500,M_small,1,100,0.01,0.01,0.01,126.96,106.94,91.91,0.999521218630126,0.9997289034494916,0.9991339014756888,1853506.9649110187,0.076299998909235,500,46184,10000,1000000,100983992,0.000100983992,2026-03-03T10:31:48.789299+00:00
84a37e72-adba-45b5-9fc8-eab003f951e9,uniform,MG,500,M_small,0,100,0.02,0.02,0.02,128.06,106.96,92.27,0.9994587186458688,0.999260176395923,0.9995639746641428,1741590.7724615578,0.0785000011092051,500,46520,10000,1000000,101009426,0.000101009426,2026-03-03T10:31:48.824961+00:00
0b1ddd24-cb8a-4d75-a63b-23912c62353d,uniform,MG,500,M_small,2,100,0.01,0.01,0.01,127.36,106.16,93.67,0.9996067989646572,0.999157435168814,0.9996726471879924,1717967.760954955,0.0475999986520037,500,46352,10000,1000000,100998094,0.000100998094,2026-03-03T10:31:48.871389+00:00
fb9c33a9-6e5f-4431-becc-3c6bd999c550,uniform,MG,2000,M_med,1,100,0.03,0.03,0.03,126.82,106.83,91.82,0.9984134849833188,0.9987237810221938,0.998177017879359,1663478.6099066946,0.2588999923318624,2000,151264,10000,1000000,100983992,0.000100983992,2026-03-03T10:31:48.959004+00:00
b7c0bbc2-654c-4359-9088-7c17d0ca7d9f,uniform,MG,2000,M_med,2,100,0.04,0.04,0.04,127.16,106.06,93.52,0.9980448788905152,0.9982295263085788,0.9980180017752158,1675196.2073627908,0.2415000053588301,2000,151376,10000,1000000,100998094,0.000100998094,2026-03-03T10:31:48.962680+00:00
c7f75acc-736c-4ec9-9404-88a83afea1fd,uniform,MG,2000,M_med,0,100,0.0,0.0,0.0,127.99,106.85,92.21,0.9989030347248886,0.9982277923476788,0.9989362161444671,1663037.3648085373,0.2410000015515834,2000,152216,10000,1000000,101009426,0.000101009426,2026-03-03T10:31:48.970719+00:00
b9c2a355-8da2-48d8-a280-1b3833b11045,uniform,SS,500,M_small,1,100,0.01,0.01,0.01,231.98,160.31,237.15,1.8375627397480117,1.4821931010166305,2.5721970486221823,701902.2041050745,0.1042000076267868,500,98536,10000,1000000,100983992,0.000100983992,2026-03-03T10:31:49.712901+00:00
478ddcbb-3c4f-4813-a885-e1796373f04e,uniform,SS,500,M_small,0,100,0.02,0.02,0.02,250.01,249.68,164.93,1.9425627082623964,2.319647208153551,1.7920506717143407,670805.5368276458,0.0742999982321634,500,97976,10000,1000000,101009426,0.000101009426,2026-03-03T10:31:49.768029+00:00
71a7b006-b5ca-413e-b387-7a5586ac0fc7,uniform,SS,500,M_small,2,100,0.01,0.01,0.01,214.69,266.95,148.18,1.6864020706858207,2.505129662371522,1.594705624015087,671754.8062720514,0.0793000072007998,500,98256,10000,1000000,100998094,0.000100998094,2026-03-03T10:31:49.772037+00:00
1ec55112-dbe1-4968-bb57-5c7dbcb7167d,uniform,SS,2000,M_med,1,100,0.03,0.03,0.03,183.59,163.53,157.4,1.4458573986930727,1.5241022977335703,1.6976272646028674,672730.9776364112,0.7554999901913106,2000,407992,10000,1000000,100983992,0.000100983992,2026-03-03T10:31:50.628290+00:00
254cf6f9-a2b9-4ab0-8b0a-c4b6dd249dbe,uniform,SS,2000,M_med,0,100,0.0,0.0,0.0,176.99,172.32,132.63,1.382852638786188,1.606583047634884,1.4265441868660076,637701.2959988203,0.5004999984521419,2000,406032,10000,1000000,101009426,0.000101009426,2026-03-03T10:31:50.699392+00:00
5df18433-1b49-41b8-84ed-2f96b1f45eed,uniform,SS,2000,M_med,2,100,0.04,0.04,0.04,198.58,189.24,165.66,1.559496612067154,1.77968457399464,1.7735285014735929,641417.9338751074,0.6759999960195273,2000,406648,10000,1000000,100998094,0.000100998094,2026-03-03T10:31:50.758372+00:00
f65a6c2c-6f3a-4928-9b56-a39c599f67f7,uniform,CMS,2000,M_med,1,100,0.02,0.02,0.02,2199.84,2191.86,2216.33,17.332482506887835,20.550747193224502,24.184551410410972,145174.42743739224,60.05320000986103,2000,871012,10000,1000000,100983992,0.000100983992,2026-03-03T10:31:55.268720+00:00
21440419-35bd-4ae9-8c5c-d59798aef272,uniform,CMS,500,M_small,2,100,0.0,0.0,0.0,9573.24,9550.77,9554.11,75.18199868280256,90.09996721531726,102.2597021649143,136163.3580126842,60.71720000181813,500,859012,10000,1000000,100998094,0.000100998094,2026-03-03T10:31:55.607325+00:00
326a8a14-42dc-401e-aab0-0ebee3ea022a,uniform,CMS,500,M_small,0,100,0.02,0.02,0.02,9672.73,9655.4,9681.51,75.55566935927402,90.433744882692,105.38294371988331,131298.17658357168,77.2447000053944,500,859012,10000,1000000,101009426,0.000101009426,2026-03-03T10:31:55.874628+00:00
fb674bbd-a43a-428c-b54e-3b7129ace52b,uniform,CMS,500,M_small,1,100,0.0,0.0,0.0,9650.41,9607.02,9633.23,76.02319215731009,90.073699767802,105.13855974396049,130255.4372949881,78.90619999670889,500,859012,10000,1000000,100983992,0.000100983992,2026-03-03T10:31:55.971011+00:00
fcbcf29a-ead3-46a4-99cb-3264e3aa663c,uniform,CMS,8000,M_large,1,100,0.0,0.0,0.0,421.63,420.52,425.54,3.3243727977439748,3.9426227149989534,4.642026882329801,149587.39607691253,61.646500005736016,8000,919012,10000,1000000,100983992,0.000100983992,2026-03-03T10:31:56.041736+00:00
d8166c51-6566-4665-841d-e113ceeaa300,uniform,MG,8000,M_large,0,100,0.32,0.32,0.32,119.11,104.04,91.03,0.9303623138290916,0.972227943740848,0.9861938253103828,2004611.006283673,2.182099997298792,8000,1029740,10000,1000000,101009426,0.000101009426,2026-03-03T10:31:56.095710+00:00
700f8784-179c-49a5-89c5-e69b74206df3,uniform,CMS,2000,M_med,2,100,0.02,0.02,0.02,2246.45,2226.05,2235.4,17.64186631459678,21.001409458326872,23.937677191945163,129590.63820628784,76.84010000957642,2000,871012,10000,1000000,100998094,0.000100998094,2026-03-03T10:31:56.108501+00:00
db15f569-bda2-4806-8af4-4a3622a48114,uniform,CMS,8000,M_large,2,100,0.0,0.0,0.0,448.78,440.33,443.04,3.5247923585198127,4.155794741954222,4.740227973892473,146680.2654920782,60.470800002804026,8000,919012,10000,1000000,100998094,0.000100998094,2026-03-03T10:31:56.181565+00:00
fd31e546-29ad-45fe-a07f-573592b1b247,uniform,CMS,2000,M_med,0,100,0.08,0.08,0.08,2293.37,2286.96,2286.32,17.91535646220593,21.416209777238173,24.89467554965964,127357.48251956588,79.87050000519957,2000,871012,10000,1000000,101009426,0.000101009426,2026-03-03T10:31:56.224958+00:00
dfd7409a-1dd2-4e0c-a59f-d7d450954277,uniform,CMS,8000,M_large,0,100,0.05,0.05,0.05,467.08,472.32,454.15,3.649119718305748,4.423606826458921,4.947251279889008,144082.48410981466,63.88060000608675,8000,919012,10000,1000000,101009426,0.000101009426,2026-03-03T10:31:56.287188+00:00
cad2e68c-67fa-44e5-9c0e-870829a7b85e,uniform,MG,8000,M_large,1,100,0.38,0.38,0.38,117.7,104.21,90.15,0.927000865729322,0.974479844671507,0.9800597267425392,2011337.1027552409,2.3292999976547435,8000,1031700,10000,1000000,100983992,0.000100983992,2026-03-03T10:31:56.418457+00:00
bfc6db81-f628-4c22-b68c-53df871cb442,uniform,MG,8000,M_large,2,100,0.37,0.37,0.37,118.13,103.38,91.83,0.9275936559422578,0.9731626280382673,0.9799442351003066,1744515.070162967,1.99350000184495,8000,1037360,10000,1000000,100998094,0.000100998094,2026-03-03T10:31:56.814811+00:00
0be57e31-8f4d-4330-b824-55739ab92cd0,uniform,SS,8000,M_large,2,100,0.37,0.37,0.37,3.88,26.37,43.65,0.0305742705517657,0.2521934391638847,0.469814836113771,585678.0514874462,3.965900003095157,8000,2598632,10000,1000000,100998094,0.000100998094,2026-03-03T10:31:58.138129+00:00
6caed752-b705-4a0e-8ec4-c3c468c2dcf1,uniform,SS,8000,M_large,1,100,0.38,0.38,0.38,4.3,30.66,46.43,0.034123115786801,0.2929307998043043,0.5094085370375067,536732.2943561374,4.711299989139661,8000,2635756,10000,1000000,100983992,0.000100983992,2026-03-03T10:31:58.235545+00:00
445d5d87-a304-49d3-be44-5aafb3a3c2fc,uniform,SS,8000,M_large,0,100,0.31,0.31,0.31,2.9,27.87,50.77,0.0227760071638597,0.2636991356631221,0.555445158366573,519687.665635384,3.40400000277441,8000,2648300,10000,1000000,101009426,0.000101009426,2026-03-03T10:31:58.263737+00:00
1b850136-c1dc-4cd2-af4b-a046475034a1,uniform,CS,500,M_small,2,100,0.06,0.06,0.06,116.77,90.33,92.59,0.9128230265584094,0.8521098596973747,0.9873598365898264,89495.88738644344,390.9832999925129,500,859012,10000,1000000,100998094,0.000100998094,2026-03-03T10:31:59.831915+00:00
4109a3c4-5014-49bd-832f-482dc0e5272d,uniform,CS,2000,M_med,0,100,0.01,0.01,0.01,88.1,88.24,69.71,0.6896033374628344,0.8241452344779951,0.7558955511310917,88674.63441948546,391.0448999959044,2000,871012,10000,1000000,101009426,0.000101009426,2026-03-03T10:32:00.052046+00:00
2a96c353-9b3d-4cc1-b430-0645cb3f0311,uniform,CS,2000,M_med,2,100,0.03,0.03,0.03,118.58,96.7,109.04,0.9311884541249598,0.9144311394754412,1.1649655513011838,85924.99146941282,378.7665999989258,2000,871012,10000,1000000,100998094,0.000100998094,2026-03-03T10:32:00.395904+00:00
204d46e5-95b5-48b9-b053-30bb4efd2a5f,zipf_1_1,MG,500,M_small,0,100,1.0,1.0,1.0,877.36,54.25,8.46,0.4456654446410127,0.9989780302788503,0.995840909090909,2288303.3374916124,0.1142000110121443,500,58348,10000,1000000,34163121586,0.034163121586,2026-03-03T10:32:00.644468+00:00
a008c352-2fac-4853-ba4d-52fd3d023bfb,zipf_1_1,MG,500,M_small,1,100,0.99,0.99,0.99,875.48,67.29,8.17,0.4412882712357499,0.998537700826057,1.0,1936136.536352279,0.1023000077111646,500,56780,9997,1000000,34205643068,0.034205643068,2026-03-03T10:32:00.979542+00:00
52a1f386-15d4-4b7d-9231-310c22923fd8,uniform,CMS-CU,500,M_small,1,100,0.02,0.02,0.02,4074.11,4094.03,4108.99,32.09678282131234,38.38422770700334,44.84046385975077,78569.3069757043,57.04069999046624,500,859012,10000,1000000,100983992,0.000100983992,2026-03-03T10:32:01.029899+00:00
11069e59-871c-4753-8493-f558bed23f99,zipf_1_1,MG,500,M_small,2,100,1.0,1.0,1.0,875.34,46.21,9.07,0.4409349266405893,0.998664544868246,0.9988888888888888,2337310.344841381,0.1293000095756724,500,61204,9999,1000000,34112204962,0.034112204962,2026-03-03T10:32:01.184938+00:00
728cfdc8-c4fb-4744-8701-6980d5063caf,uniform,CS,2000,M_med,1,100,0.02,0.02,0.02,94.4,87.81,77.6,0.7439608671027012,0.8216525004168929,0.8479617616888884,79429.75157310454,392.974200003664,2000,871012,10000,1000000,100983992,0.000100983992,2026-03-03T10:32:01.341483+00:00
dd8335a5-fcb9-41fe-857a-d9436b2887c5,uniform,CMS-CU,2000,M_med,2,100,0.02,0.02,0.02,928.38,949.51,961.97,7.29133140318719,8.958694293596277,10.301634104743377,77078.10827261374,57.261199995991774,2000,871012,10000,1000000,100998094,0.000100998094,2026-03-03T10:32:01.398166+00:00
08897cbb-a445-4940-bf27-aa55f8f46fb1,uniform,CS,500,M_small,1,100,0.0,0.0,0.0,142.36,138.2,126.48,1.1227627434051406,1.2904489956138838,1.3734906488313243,77806.9555590075,285.56669999670703,500,859012,10000,1000000,100983992,0.000100983992,2026-03-03T10:32:01.406181+00:00
33f85ede-5954-48fa-8b61-f9e6ec1f60c2,uniform,CS,500,M_small,0,100,0.02,0.02,0.02,125.76,101.96,99.4,0.9804429961481976,0.959596517009576,1.0847168446189417,76287.98822353675,283.70309999445453,500,859012,10000,1000000,101009426,0.000101009426,2026-03-03T10:32:01.667069+00:00
879e4361-d8ff-4676-8bed-804d9bbc5151,uniform,CMS-CU,500,M_small,2,100,0.02,0.02,0.02,4071.25,4092.41,4104.89,31.97294182735986,38.605001553434846,43.94862863369303,69513.72839130915,74.76480001059826,500,859012,10000,1000000,100998094,0.000100998094,2026-03-03T10:32:02.715298+00:00
1e27869d-ad77-4532-9fa1-4fc0e1979f19,zipf_1_1,SS,500,M_small,0,100,1.0,1.0,1.0,0.66,83.59,43.0,0.0006181221241776,2.6205581634751933,5.317492424242424,674154.682500099,0.1297000126214698,500,36115564,10000,1000000,34163121586,0.034163121586,2026-03-03T10:32:02.671400+00:00
967493c9-2101-4eac-8710-0118a2e0162b,uniform,CS,8000,M_large,0,100,0.02,0.02,0.02,71.7,71.56,73.97,0.5605250230074814,0.6692346836446067,0.8076977648084498,87395.34898558869,394.200800001272,8000,919012,10000,1000000,101009426,0.000101009426,2026-03-03T10:32:02.788304+00:00
2a99b57c-7d4a-4d71-acfb-4e13a4b93462,uniform,CMS-CU,2000,M_med,1,100,0.02,0.02,0.02,927.39,947.34,962.45,7.3067016291996785,8.884087717900037,10.505855126201816,69116.0572573574,61.21539999730885,2000,871012,10000,1000000,100983992,0.000100983992,2026-03-03T10:32:02.864252+00:00
b874d444-537c-4459-aab9-685250782640,uniform,CMS-CU,2000,M_med,0,100,0.0,0.0,0.0,929.7,950.87,965.54,7.26372737766474,8.908824723989593,10.515788544197154,68756.99292999077,62.55770000279881,2000,871012,10000,1000000,101009426,0.000101009426,2026-03-03T10:32:02.910251+00:00
49ece33a-600c-4043-9ba1-c694898a4213,zipf_1_1,SS,500,M_small,2,100,1.0,1.0,1.0,0.67,103.77,17.69,0.0006262976575068,2.5995983941451857,1.9566666666666668,676899.0792883672,0.1349000085610896,500,36161596,9999,1000000,34112204962,0.034112204962,2026-03-03T10:32:03.047831+00:00
b760fd35-8ff7-414b-ac0a-dc61e3b3bfd6,zipf_1_1,CMS,500,M_small,1,100,0.3,0.3,0.3,3251.2,3906.11,3876.83,1.6064038044894788,157.3227771009597,552.2083496225997,150367.77928834272,78.00710000446998,500,858844,9997,1000000,34205643068,0.034205643068,2026-03-03T10:32:03.283025+00:00
fe60accf-2960-4ebb-8868-68b0fc37860b,zipf_1_1,SS,500,M_small,1,100,0.99,0.99,0.99,0.52,90.68,8.17,0.000472940256088,1.9058809390461429,1.0,592267.170298211,0.1617000089026987,500,36173132,9997,1000000,34205643068,0.034205643068,2026-03-03T10:32:03.248870+00:00
063bf121-4d82-48c5-9e13-67f62f4873e8,uniform,CMS-CU,500,M_small,0,100,0.05,0.05,0.05,4073.14,4094.34,4108.93,31.820121019988605,38.35189503650571,44.73455844197101,65940.38258798193,83.27750000171363,500,859012,10000,1000000,101009426,0.000101009426,2026-03-03T10:32:03.457000+00:00
75f0b9c1-0b34-43d5-9652-8a3711d1360e,zipf_1_1,MG,2000,M_med,0,100,1.0,1.0,1.0,138.0,42.14,8.41,0.0701418088870174,0.9646554584660212,0.9913409090909092,2367974.751760753,0.4957999917678535,2000,179148,10000,1000000,34163121586,0.034163121586,2026-03-03T10:32:03.716153+00:00
49b7fd89-0a96-40ef-9bc5-0679b9a3ee79,zipf_1_1,MG,2000,M_med,1,100,1.0,1.0,1.0,138.0,42.77,8.12,0.0695925196185772,0.9307760269108812,0.9947178932178932,2375706.0301188,0.4602999979397282,2000,179092,9997,1000000,34205643068,0.034205643068,2026-03-03T10:32:03.929790+00:00
d2c72d09-288d-47ce-8afb-8af90561b9c1,zipf_1_1,MG,2000,M_med,2,100,1.0,1.0,1.0,138.0,37.19,9.01,0.069559467298999,0.9631351940237112,0.9918974358974356,2204477.646876028,0.415900009102188,2000,249356,9999,1000000,34112204962,0.034112204962,2026-03-03T10:32:04.126355+00:00
3334b578-bee9-4d36-a57c-c28149a2948c,zipf_1_1,CMS,500,M_small,0,100,0.38,0.38,0.38,3475.08,3556.88,3587.71,1.764940052732355,138.0806463990117,502.9753033355532,125379.52539069596,65.80089998897165,500,859012,10000,1000000,34163121586,0.034163121586,2026-03-03T10:32:04.583410+00:00
7df568c7-3e61-4acc-92c1-4bacad704f0b,uniform,CS,8000,M_large,1,100,0.03,0.03,0.03,77.69,62.09,63.46,0.6114727074116635,0.5809970136341929,0.6894985798613955,74304.43930160707,311.79820001125336,8000,919012,10000,1000000,100983992,0.000100983992,2026-03-03T10:32:04.789779+00:00
89ef3c92-2184-468e-9365-f241a361fd30,zipf_1_1,CMS,500,M_small,2,100,0.46,0.46,0.46,3759.53,2878.38,3012.65,1.9608019286699776,124.89003757407912,382.88288561438566,122799.53215840257,58.04519999946933,500,858956,9999,1000000,34112204962,0.034112204962,2026-03-03T10:32:04.837154+00:00
1fbbccfb-d4c1-4dbc-a1e9-53a4120a032b,uniform,CS,8000,M_large,2,100,0.02,0.02,0.02,79.15,78.44,66.91,0.6214057877232778,0.7403378998826377,0.7140041966858512,73995.81007608688,325.8085000124993,8000,919012,10000,1000000,100998094,0.000100998094,2026-03-03T10:32:04.951819+00:00
39883e7f-35e5-420a-bd0e-64c54d51e6ec,uniform,CMS-CU,8000,M_large,2,100,0.04,0.04,0.04,145.65,166.32,178.84,1.14439034317148,1.5710356038632871,1.917726976862155,66547.60855849266,58.81960000260733,8000,919012,10000,1000000,100998094,0.000100998094,2026-03-03T10:32:05.187453+00:00
dbc8513f-ece1-457c-a57c-85cdd982249f,zipf_1_1,SS,2000,M_med,0,100,1.0,1.0,1.0,0.0,45.02,18.01,0.0,1.618911482594543,2.043613636363637,712270.4468071657,0.4681999998865649,2000,46738836,10000,1000000,34163121586,0.034163121586,2026-03-03T10:32:05.314075+00:00
cc154ec3-102f-4291-8aa2-60189e2d651c,uniform,CMS-CU,8000,M_large,0,100,0.03,0.03,0.03,147.74,168.78,183.21,1.1551156809625045,1.5834245804252094,1.9992021281804184,65574.08395743342,79.33459999912884,8000,919012,10000,1000000,101009426,0.000101009426,2026-03-03T10:32:05.375982+00:00
8c0ac149-c159-4b95-9354-7f5b0cf126d8,zipf_1_1,SS,2000,M_med,1,100,1.0,1.0,1.0,0.0,35.21,14.14,0.0,1.3383727224383075,1.6342128427128426,728973.3292674259,0.4424999933689832,2000,46739116,9997,1000000,34205643068,0.034205643068,2026-03-03T10:32:05.466400+00:00
5355dcdb-f399-4a85-b238-cc6b18709e1e,zipf_1_1,SS,2000,M_med,2,100,1.0,1.0,1.0,0.0,40.09,18.71,0.0,1.5942171847235225,2.1195897435897435,701113.3961182262,0.4969000001437962,2000,46742420,9999,1000000,34112204962,0.034112204962,2026-03-03T10:32:05.687904+00:00
71f34525-6a8f-4cb7-a50e-410a63f54931,uniform,CMS-CU,8000,M_large,1,100,0.02,0.02,0.02,143.42,163.27,178.25,1.1305496032209696,1.5333809476314286,1.94873567713938,64066.71877337736,78.75390000117477,8000,919012,10000,1000000,100983992,0.000100983992,2026-03-03T10:32:05.785850+00:00
01218455-6773-4c3d-b8ad-f16927cf89eb,zipf_1_1,MG,8000,M_large,0,100,1.0,1.0,1.0,12.0,11.83,7.52,0.0060992877293058,0.4559597670485872,0.896363747363747,2674763.7113747047,2.2819000005256385,8000,1020444,10000,1000000,34163121586,0.034163121586,2026-03-03T10:32:06.316554+00:00
0e5b77c2-9e1a-430f-b91d-c97c7115cae6,zipf_1_1,MG,8000,M_large,1,100,1.0,1.0,1.0,12.0,11.79,7.36,0.0060515234450936,0.464650388622039,0.908771478521478,2402364.887992281,2.0612999942386523,8000,1020052,9997,1000000,34205643068,0.034205643068,2026-03-03T10:32:06.559177+00:00
071bf8e3-f78b-4528-a9d7-04843d4531a5,zipf_1_1,MG,8000,M_large,2,100,1.0,1.0,1.0,12.0,11.87,8.14,0.0060486493303477,0.4954100074457904,0.90664602064602,2583689.5810769536,2.1779999951832,8000,1016020,9999,1000000,34112204962,0.034112204962,2026-03-03T10:32:06.568180+00:00
da5e398b-d2d3-4428-a67d-6e6ebba14881,zipf_1_1,SS,8000,M_large,0,100,1.0,1.0,1.0,0.0,0.17,5.38,0.0,0.0110598470157293,0.773960261960262,911342.0066889958,2.3846999974921346,8000,59205796,10000,1000000,34163121586,0.034163121586,2026-03-03T10:32:08.026632+00:00
1f700a92-4cae-46d9-b23f-7b3c59f59318,zipf_1_1,SS,8000,M_large,1,100,1.0,1.0,1.0,0.0,0.21,5.5,0.0,0.0132811266133247,0.824562187812188,922439.1061012222,2.3090999893611297,8000,59209772,9997,1000000,34205643068,0.034205643068,2026-03-03T10:32:08.283846+00:00
3a1787c1-ab53-4358-a132-dc644e4bfe02,zipf_1_1,SS,8000,M_large,2,100,1.0,1.0,1.0,0.0,0.13,5.14,0.0,0.008891806722689,0.657749250749251,892173.0373167722,2.469300001394004,8000,59214924,9999,1000000,34112204962,0.034112204962,2026-03-03T10:32:08.326700+00:00
54009294-0cde-4ddd-91aa-87283732335e,zipf_1_1,CMS,2000,M_med,2,100,0.92,0.92,0.92,631.76,477.93,519.21,0.3185369624768072,20.039809491556557,62.83015112665112,143506.67662679154,76.85950001177844,2000,870956,9999,1000000,34112204962,0.034112204962,2026-03-03T10:32:08.812725+00:00
6e2641e0-e419-499c-9dac-907079fc1c32,zipf_1_1,CMS,2000,M_med,0,100,0.89,0.89,0.89,529.41,599.28,620.86,0.262784077981234,23.595353386496043,85.92997471972473,138973.22054148084,81.19550000992604,2000,871012,10000,1000000,34163121586,0.034163121586,2026-03-03T10:32:08.836787+00:00
5621de93-58d5-40bb-9271-051ff88293bf,zipf_1_1,CMS,2000,M_med,1,100,0.89,0.89,0.89,556.39,645.18,664.76,0.2777752871461556,26.837561123491003,93.47702272727273,134868.26364726387,78.97170000069309,2000,870844,9997,1000000,34205643068,0.034205643068,2026-03-03T10:32:09.224652+00:00
fcbb703e-df97-4d23-99e3-ce15ca053cec,zipf_1_1,CMS-CU,500,M_small,1,100,0.37,0.37,0.37,471.54,2216.17,2275.49,0.3836452775161493,89.94865595003277,324.5463695748695,74783.15856642742,64.43639998906292,500,858844,9997,1000000,34205643068,0.034205643068,2026-03-03T10:32:10.229241+00:00
7aabcb02-db61-45e7-aa11-5f4b754b6102,zipf_1_1,CMS-CU,500,M_small,0,100,0.44,0.44,0.44,378.75,2046.03,2092.21,0.3189334616185,80.75474155161996,297.75499139749144,73674.57885471084,61.94420000247192,500,859012,10000,1000000,34163121586,0.034163121586,2026-03-03T10:32:10.292593+00:00
bd800563-147f-495f-a00c-01a70b2f1541,zipf_1_1,CMS,8000,M_large,0,100,0.99,0.99,0.99,72.36,71.73,65.73,0.0362098671915095,2.790026314672842,9.549811521811522,138284.44948096646,66.12150000000838,8000,919012,10000,1000000,34163121586,0.034163121586,2026-03-03T10:32:11.632346+00:00
442db1dc-801d-4e69-8c95-1797537dd166,zipf_1_1,CS,500,M_small,1,100,0.19,0.19,0.19,703.89,515.87,537.55,0.3823255454419303,17.50891175304697,72.69491244866245,78770.4363398225,403.1839000090258,500,858844,9997,1000000,34205643068,0.034205643068,2026-03-03T10:32:11.783925+00:00
a2d48067-6f06-4522-99b4-a831c29b9518,zipf_1_1,CS,500,M_small,0,100,0.21,0.21,0.21,827.57,469.16,438.67,0.4244197466721648,20.077005277529967,58.40561552336551,77986.85238365493,413.9873999956762,500,859012,10000,1000000,34163121586,0.034163121586,2026-03-03T10:32:11.818030+00:00
bc440767-938b-4477-a416-4babf0c71b24,zipf_1_1,CS,500,M_small,2,100,0.36,0.36,0.36,1712.81,284.21,268.62,0.4968088253692132,13.643314733103605,31.540500999001,77846.87864608977,378.1528000108665,500,858956,9999,1000000,34112204962,0.034112204962,2026-03-03T10:32:11.916567+00:00
7a6128a0-8e58-43de-a4d5-acc023d1e2c9,zipf_1_1,CMS-CU,500,M_small,2,100,0.72,0.72,0.72,108.57,1418.17,1456.56,0.0975426256125236,60.5708721837934,182.29679936729931,68468.60797172537,75.9124000032898,500,858956,9999,1000000,34112204962,0.034112204962,2026-03-03T10:32:11.920573+00:00
143c4bd8-3093-4031-a0b4-8dd48c6b72eb,zipf_1_1,CMS,8000,M_large,1,100,0.98,0.98,0.98,68.98,62.25,71.51,0.0348117140233622,2.4602343706586134,10.61879684204684,132829.6221533224,82.9892000037944,8000,918844,9997,1000000,34205643068,0.034205643068,2026-03-03T10:32:12.127413+00:00
5ef8d2b8-bff3-4381-b767-d11b6266713d,zipf_1_3,MG,500,M_small,0,100,1.0,1.0,1.0,405.93,24.89,2.73,0.2649527391384136,0.9956782128762328,1.0,2729395.45252722,0.0762000126997008,500,50172,9591,1000000,94186203610,0.09418620361,2026-03-03T10:32:12.514749+00:00
faf11ba3-b225-438c-97bc-a20854217822,zipf_1_1,CMS,8000,M_large,2,100,1.0,1.0,1.0,75.43,70.36,72.85,0.0375723373586209,2.818077370142809,9.275233793983794,134365.01840069698,82.31810000143014,8000,918956,9999,1000000,34112204962,0.034112204962,2026-03-03T10:32:12.525564+00:00
ef0d09c6-2712-4c40-b2a5-4f6faccdb8aa,zipf_1_3,MG,500,M_small,1,100,1.0,1.0,1.0,404.94,37.32,2.52,0.2647758362894012,0.9926511576185056,1.0,2415207.498942304,0.1119999942602589,500,60084,9542,1000000,94221363622,0.094221363622,2026-03-03T10:32:12.562705+00:00
af63c31e-5c0d-4362-ba99-a6f71bcbddeb,zipf_1_3,MG,500,M_small,2,100,1.0,1.0,1.0,404.89,22.41,2.9,0.2640499787620299,0.9973326572865172,1.0,2488344.593923202,0.123099991469644,500,39740,9552,1000000,94178292458,0.094178292458,2026-03-03T10:32:12.691300+00:00
03dfb0d8-5742-4ee2-b97b-974ae60b6254,zipf_1_3,SS,500,M_small,0,100,1.0,1.0,1.0,0.07,43.06,2.73,7.300925447836624e-05,2.2957590469669675,1.0,869303.8970752632,0.1993000041693449,500,51357876,9591,1000000,94186203610,0.09418620361,2026-03-03T10:32:13.634554+00:00
ce8591a4-294d-4b78-bdf5-45fe379d7d3e,zipf_1_3,SS,500,M_small,1,100,1.0,1.0,1.0,0.06,44.33,6.56,7.162878234311766e-05,1.929347839780108,5.04,862379.4964825768,0.1394999999320134,500,51375012,9542,1000000,94221363622,0.094221363622,2026-03-03T10:32:13.875955+00:00
a40ba20e-c779-4814-920f-7a65e261c8dd,zipf_1_3,SS,500,M_small,2,100,1.0,1.0,1.0,0.11,53.96,6.88,0.0001369335489553,5.246709391417022,1.995,838932.2975749442,0.1251999929081648,500,51376804,9552,1000000,94178292458,0.094178292458,2026-03-03T10:32:14.278990+00:00
554ed884-aea8-43ea-9526-d83915b12b60,zipf_1_1,CS,2000,M_med,1,100,0.64,0.64,0.64,122.56,107.36,117.2,0.058982538264263,3.4361874713673672,16.963180236430237,82977.7143598654,309.3245000054594,2000,870844,9997,1000000,34205643068,0.034205643068,2026-03-03T10:32:15.557003+00:00
e870adbc-565d-4bb1-9f8d-fc2baff44c11,zipf_1_1,CS,2000,M_med,0,100,0.6,0.6,0.6,123.06,148.55,177.4,0.0547387027678341,5.399643934995736,23.24093947718947,80804.65207898736,407.9517999925884,2000,871012,10000,1000000,34163121586,0.034163121586,2026-03-03T10:32:15.937967+00:00
10348cb6-7f66-41f3-978a-5190c6608caa,zipf_1_3,CMS,500,M_small,0,100,0.38,0.38,0.38,1662.13,1740.99,1711.93,1.0796020389475207,181.99067675304283,800.7786666666667,134200.09236457263,82.00030001171399,500,836108,9591,1000000,94186203610,0.09418620361,2026-03-03T10:32:16.003489+00:00
182fd609-5f7f-4c47-8b3e-158c41f7cd99,zipf_1_1,CS,2000,M_med,2,100,0.69,0.69,0.69,483.8,121.02,130.5,0.220001328055959,5.354840647481089,16.407596320346318,79558.87151622189,319.96900000376627,2000,870956,9999,1000000,34112204962,0.034112204962,2026-03-03T10:32:16.148818+00:00
25cbf9ca-05b4-49da-a9e2-891c7242183c,zipf_1_3,CMS,500,M_small,1,100,0.32,0.32,0.32,1501.68,2013.19,1905.19,0.9616789693212884,220.2625928635572,971.4754999999996,134244.5675586056,66.03599998925347,500,833364,9542,1000000,94221363622,0.094221363622,2026-03-03T10:32:16.219662+00:00
07093939-7cae-436b-9a28-d201991cbf4d,zipf_1_3,CMS,500,M_small,2,100,0.51,0.51,0.51,1944.21,1301.19,1285.01,1.4019361490532811,151.85810442220617,562.2695000000001,134371.5614739111,73.63480000640266,500,833924,9552,1000000,94178292458,0.094178292458,2026-03-03T10:32:16.258986+00:00
351608c1-3a6a-4bfc-b4a9-a8d67e46a126,zipf_1_1,CMS-CU,2000,M_med,0,100,0.96,0.96,0.96,0.07,334.14,371.5,6.413025789199615e-05,13.886117369304534,52.7217768065268,67192.19248221886,68.98579999688081,2000,871012,10000,1000000,34163121586,0.034163121586,2026-03-03T10:32:16.817719+00:00
b9d423ff-45e5-4119-96c8-e657990ca520,zipf_1_3,MG,2000,M_med,0,100,1.0,1.0,1.0,52.0,17.02,2.71,0.0339441845232275,0.950228296257674,0.993,2466552.925703916,0.3304999991087243,2000,219676,9591,1000000,94186203610,0.09418620361,2026-03-03T10:32:16.948693+00:00
f454e2cc-62b9-411c-b713-db436fed0a46,zipf_1_3,MG,2000,M_med,1,100,1.0,1.0,1.0,52.0,17.29,2.52,0.0340051066264955,0.9003596265825129,1.0,2677543.204176943,0.2936999953817576,2000,209708,9542,1000000,94221363622,0.094221363622,2026-03-03T10:32:16.979081+00:00
af3ef85b-7962-4f05-a360-9299942172eb,zipf_1_3,MG,2000,M_med,2,100,1.0,1.0,1.0,52.0,15.13,2.89,0.033920294914003,0.9388349557768928,0.9975,2725137.95332138,0.3182999935233965,2000,218668,9552,1000000,94178292458,0.094178292458,2026-03-03T10:32:17.013961+00:00
1b2bedbe-ba4e-49a8-ada5-b45508a8070c,zipf_1_1,CMS-CU,2000,M_med,1,100,0.89,0.89,0.89,0.06,339.57,391.95,4.803256731073596e-05,14.96013896143371,55.99445582195583,66626.17793834562,76.73739999881946,2000,870844,9997,1000000,34205643068,0.034205643068,2026-03-03T10:32:17.175723+00:00
09f32d2d-5dae-43e3-91af-ca192cc2b72e,zipf_1_1,CMS-CU,2000,M_med,2,100,1.0,1.0,1.0,0.1,251.75,286.11,8.174484318078647e-05,11.399206429197845,35.83649370074369,70273.49551986727,81.03089999349322,2000,870956,9999,1000000,34112204962,0.034112204962,2026-03-03T10:32:17.449802+00:00
f99f4926-cb16-4cf0-a037-da187a9ee41d,zipf_1_1,CS,8000,M_large,0,100,0.93,0.93,0.93,31.71,37.8,38.64,0.0159149686311345,1.4933138007419964,5.769212842712844,80174.89672665592,330.9724999999162,8000,919012,10000,1000000,34163121586,0.034163121586,2026-03-03T10:32:18.382000+00:00
8e92caaa-00da-49ab-919c-94e6333e8c5b,zipf_1_1,CS,8000,M_large,1,100,0.98,0.98,0.98,36.25,28.99,29.09,0.0174379381510869,1.1844428450002644,4.608732101232102,80392.47606818224,326.0970999981509,8000,918844,9997,1000000,34205643068,0.034205643068,2026-03-03T10:32:18.572734+00:00
f4219d50-a4dc-4e44-b3d8-ee36055bc301,zipf_1_3,SS,2000,M_med,0,100,1.0,1.0,1.0,0.0,16.04,6.33,0.0,1.5265466002290204,2.121,911794.2962790128,0.4921999934595078,2000,57989116,9591,1000000,94186203610,0.09418620361,2026-03-03T10:32:18.529926+00:00
00afddaa-4169-4577-9b8a-734b24898925,zipf_1_3,SS,2000,M_med,1,100,1.0,1.0,1.0,0.0,15.87,5.33,0.0,1.6112196261536351,2.424,958385.189957788,0.5022999976063147,2000,57999532,9542,1000000,94221363622,0.094221363622,2026-03-03T10:32:18.582057+00:00
47157423-b051-4962-9ee6-9c38d5e13145,zipf_1_3,SS,2000,M_med,2,100,1.0,1.0,1.0,0.0,14.31,6.09,0.0,1.4446766483662443,2.0758333333333336,919785.0830160854,0.3441000008024275,2000,57989620,9552,1000000,94178292458,0.094178292458,2026-03-03T10:32:18.666258+00:00
d9945a91-ee7f-48f1-bf43-48b632532824,zipf_1_1,CS,8000,M_large,2,100,0.95,0.95,0.95,39.34,32.23,33.42,0.0190075139263259,1.2438663215829433,4.278527444777444,77782.68569243872,367.1590999874752,8000,918956,9999,1000000,34112204962,0.034112204962,2026-03-03T10:32:19.025352+00:00
10930c37-4919-45a3-8692-84e6a0fec773,zipf_1_1,CMS-CU,8000,M_large,0,100,1.0,1.0,1.0,0.0,27.03,47.23,0.0,1.3828113197909804,6.830034965034968,68537.54893361844,66.79700000677258,8000,919012,10000,1000000,34163121586,0.034163121586,2026-03-03T10:32:19.850813+00:00
62c2a116-c5a7-495f-a281-878da3c78b0f,zipf_1_3,MG,8000,M_large,0,100,1.0,1.0,1.0,3.0,2.96,2.12,0.0019583183378785,0.3036882135098875,0.8178333333333333,3020607.7945700404,1.9579999934649093,8000,972844,9591,1000000,94186203610,0.09418620361,2026-03-03T10:32:20.530938+00:00
f6c371bc-b1af-4c5d-b218-515a4ea9b72b,zipf_1_1,CMS-CU,8000,M_large,1,100,1.0,1.0,1.0,0.0,22.84,43.95,0.0,1.200490064674806,6.519272893772896,65495.355157836486,70.55699999909848,8000,918844,9997,1000000,34205643068,0.034205643068,2026-03-03T10:32:20.594111+00:00
9cf1a586-11dd-4aa6-9435-dd80912731b9,zipf_1_3,CMS,2000,M_med,0,100,0.92,0.92,0.92,208.71,254.67,237.06,0.1308337839565074,26.68230995992458,112.296,130549.64756752996,59.23090000578668,2000,848108,9591,1000000,94186203610,0.09418620361,2026-03-03T10:32:20.615741+00:00
d117cb58-9836-4090-af55-de466069048b,zipf_1_3,CMS,2000,M_med,1,100,0.89,0.89,0.89,222.23,266.94,281.04,0.1422734733576199,29.631147639357053,144.58483333333334,131181.19734763604,62.50260000524577,2000,845364,9542,1000000,94221363622,0.094221363622,2026-03-03T10:32:20.631789+00:00
fbfca145-86e2-448e-b62d-5664c0cedad9,zipf_1_1,CMS-CU,8000,M_large,2,100,1.0,1.0,1.0,0.0,23.71,40.31,0.0,1.239197172789036,5.184006798756799,65716.35947845315,75.66800000495277,8000,918956,9999,1000000,34112204962,0.034112204962,2026-03-03T10:32:20.651685+00:00
1583714c-d7d8-4a3e-8614-cc3c6138b06d,zipf_1_3,CMS,2000,M_med,2,100,0.96,0.96,0.96,266.52,191.31,192.59,0.1752938244606682,21.583103484270868,78.94966666666666,128065.14151228612,78.5217999946326,2000,845924,9552,1000000,94178292458,0.094178292458,2026-03-03T10:32:20.939812+00:00
90abddef-a446-4853-9b04-5f7182827fa3,zipf_1_3,MG,8000,M_large,1,100,1.0,1.0,1.0,3.0,2.99,2.04,0.0019618330746055,0.310626107364395,0.8501666666666666,2609642.8390885307,1.9598000071709976,8000,970604,9542,1000000,94221363622,0.094221363622,2026-03-03T10:32:21.277933+00:00
ae1e3a00-0276-494c-a9b3-a34fed08a670,zipf_1_3,MG,8000,M_large,2,100,1.0,1.0,1.0,3.0,2.99,2.27,0.0019569400911924,0.3351507679093686,0.8221666666666667,2532910.742594678,2.016700003878213,8000,964164,9552,1000000,94178292458,0.094178292458,2026-03-03T10:32:21.358193+00:00
ead75de0-1e4e-4095-8827-6b722d5fd983,zipf_1_3,SS,8000,M_large,0,100,1.0,1.0,1.0,0.0,0.04,1.2,0.0,0.0054563492063492,0.6401666666666668,1259795.2227970408,2.3194000095827505,8000,64281972,9591,1000000,94186203610,0.09418620361,2026-03-03T10:32:22.056579+00:00
684effdd-908f-4a4e-a10e-0901549af599,zipf_1_3,SS,8000,M_large,2,100,1.0,1.0,1.0,0.0,0.01,0.77,0.0,0.0016666666666666,0.4133333333333335,1259768.7190578245,2.179599992814474,8000,64302580,9552,1000000,94178292458,0.094178292458,2026-03-03T10:32:22.067215+00:00
15ee7725-c5b9-44d0-b713-f1209ae67ca4,zipf_1_3,SS,8000,M_large,1,100,1.0,1.0,1.0,0.0,0.02,1.14,0.0,0.0033333333333333,0.6763333333333335,1221884.1404668605,2.485400007572025,8000,64289476,9542,1000000,94221363622,0.094221363622,2026-03-03T10:32:22.108882+00:00
b83f974b-84a4-4b0d-b084-0edb4b8c5bfe,zipf_1_3,CS,500,M_small,1,100,0.2,0.2,0.2,476.98,659.76,794.95,0.3321314918303161,74.88108213480298,392.3248333333333,80975.19397806714,340.208800000255,500,833364,9542,1000000,94221363622,0.094221363622,2026-03-03T10:32:23.348357+00:00
1f2233ec-37cc-44d6-b45c-c3b492328b43,zipf_1_3,CS,500,M_small,0,100,0.22,0.22,0.22,603.81,393.62,396.48,0.3920767788396053,50.71330526082676,189.38466666666667,79212.88751857492,296.78750000312,500,836108,9591,1000000,94186203610,0.09418620361,2026-03-03T10:32:23.528065+00:00
f8978376-ecae-4634-9f6e-00c3f0cd5738,zipf_1_3,CMS-CU,500,M_small,1,100,0.37,0.37,0.37,113.33,1202.49,1189.94,0.1419689426734618,130.18536103832855,615.3224999999999,68423.28441911214,81.25139999901876,500,833364,9542,1000000,94221363622,0.094221363622,2026-03-03T10:32:23.910784+00:00
8b92a25f-b89e-463c-a356-059d6f2490ed,zipf_1_3,CMS-CU,500,M_small,0,100,0.44,0.44,0.44,70.54,1004.86,1039.57,0.0872733701218614,105.3173942152468,484.6880000000001,67935.33089112722,60.5031000013696,500,836108,9591,1000000,94186203610,0.09418620361,2026-03-03T10:32:23.946416+00:00
0194b32d-7b53-49b4-9f5b-9aec0861ab27,zipf_1_3,CMS-CU,500,M_small,2,100,0.76,0.76,0.76,33.41,612.37,618.07,0.0450070164203564,71.09050772411045,267.13433333333336,69481.22075806653,66.73590000718832,500,833924,9552,1000000,94178292458,0.094178292458,2026-03-03T10:32:24.037981+00:00
f5ad7252-5418-4bfd-b579-77e248ca6208,zipf_1_3,CS,500,M_small,2,100,0.35,0.35,0.35,1632.19,149.52,124.32,0.4951348258416482,17.051207287457284,55.21033333333334,81087.00240463701,341.09950000129174,500,833924,9552,1000000,94178292458,0.094178292458,2026-03-03T10:32:24.673932+00:00
72a65cdd-182e-47fc-a9b2-86bfc8447f84,zipf_1_3,CMS,8000,M_large,0,100,1.0,1.0,1.0,23.64,23.28,21.69,0.0150265736306651,2.524854457954648,10.588,134007.68861068256,79.97180000529625,8000,896108,9591,1000000,94186203610,0.09418620361,2026-03-03T10:32:24.936911+00:00
adb89336-21ab-477a-92b0-772d2a0d56aa,mixture,MG,500,M_small,0,100,0.5,0.5,0.5,589.37,55.31,44.82,0.5552384127136127,0.9998039215686272,0.999501519756839,1525355.2170951846,0.0453999964520335,500,26748,10000,1000000,5029919766,0.005029919766,2026-03-03T10:32:25.046504+00:00
ecb282da-ca38-42a0-b634-1bf572e2209e,mixture,MG,500,M_small,1,100,0.51,0.51,0.51,589.5,55.21,44.64,0.5547401481572545,0.9991273110496638,0.9993165806649232,1551914.4882625712,0.1217000099131837,500,41700,10000,1000000,5033433830,0.00503343383,2026-03-03T10:32:25.154626+00:00
49cd6026-ccc8-4c10-a462-97a85cacac6b,zipf_1_3,CMS,8000,M_large,1,100,1.0,1.0,1.0,23.31,23.43,24.24,0.0150821099397044,2.3772536083932945,13.235166666666666,130189.94230899574,74.63210000423715,8000,893364,9542,1000000,94221363622,0.094221363622,2026-03-03T10:32:25.321993+00:00
759a8e8f-23fd-4c5e-b530-5f55f668ea93,zipf_1_3,CMS,8000,M_large,2,100,1.0,1.0,1.0,25.73,21.69,25.68,0.0168419088980354,2.367584644963725,11.217166666666664,130428.81237175372,80.56550000037532,8000,893924,9552,1000000,94178292458,0.094178292458,2026-03-03T10:32:25.599349+00:00
4b35432d-9d6d-4909-b74a-25ec3554bf6b,mixture,MG,500,M_small,2,100,0.51,0.51,0.51,590.04,54.79,45.83,0.5549889107256439,0.9998039215686276,1.0,1554788.4920168216,0.0702999968780204,500,34700,10000,1000000,5026880050,0.00502688005,2026-03-03T10:32:25.806223+00:00
c7e6bf34-d392-43b2-9990-ab7211bd335d,mixture,SS,500,M_small,0,100,0.51,0.51,0.51,64.5,165.29,96.09,0.9160668066369227,2.992786592424984,2.2143984295846,576431.3698812174,0.1213999930769205,500,28698084,10000,1000000,5029919766,0.005029919766,2026-03-03T10:32:27.280791+00:00
4c3570f2-f010-47f0-a43e-215c6f607248,mixture,SS,500,M_small,1,100,0.52,0.52,0.52,65.17,104.79,75.34,0.9162076517073454,1.8328549392756448,1.6988280200749275,566755.911827864,0.2351000002818182,500,28707996,10000,1000000,5033433830,0.00503343383,2026-03-03T10:32:27.418955+00:00
c229741f-fe31-423d-8d48-4abc03eb29c6,mixture,SS,500,M_small,2,100,0.5,0.5,0.5,65.0,94.96,66.13,0.8947953216374269,1.7545067873303168,1.4231176726009551,546963.8175220327,0.2228999946964904,500,28689740,10000,1000000,5026880050,0.00502688005,2026-03-03T10:32:27.585603+00:00
c835dcc1-b6c4-463e-9447-3e91b361e424,zipf_1_3,CS,2000,M_med,2,100,0.73,0.73,0.73,323.12,50.91,68.49,0.1949009195652719,6.143873468153559,34.90683333333333,82381.51312049878,317.2635000082664,2000,845924,9552,1000000,94178292458,0.094178292458,2026-03-03T10:32:28.847113+00:00
37abc279-f535-48b9-b273-45042f17f153,zipf_1_3,CMS-CU,2000,M_med,1,100,0.89,0.89,0.89,0.02,143.97,172.56,2.2647003004170655e-05,17.196650643897698,89.03116666666669,67580.8768906643,81.68990000558551,2000,845364,9542,1000000,94221363622,0.094221363622,2026-03-03T10:32:29.164114+00:00
ddabead3-f8c7-4dd0-a02d-3d2addf94536,zipf_1_3,CS,2000,M_med,1,100,0.64,0.64,0.64,65.8,88.09,120.01,0.0411334083030511,10.271666095094508,58.15733333333333,78997.9470645441,323.6322000011569,2000,845364,9542,1000000,94221363622,0.094221363622,2026-03-03T10:32:29.290781+00:00
8655fc75-9a72-4345-8b81-4c611900c587,zipf_1_3,CS,2000,M_med,0,100,0.6,0.6,0.6,65.07,109.79,86.25,0.0356007527047564,10.627932486475087,39.825500000000005,75598.70336437022,314.96099999640137,2000,848108,9591,1000000,94186203610,0.09418620361,2026-03-03T10:32:29.502959+00:00
19f0e117-9b0a-4d83-8e1c-50fdb018575c,mixture,CMS,500,M_small,0,100,0.33,0.33,0.33,4880.02,4993.51,5110.67,34.843443957598055,90.8491860124805,114.997318509275,123718.20669429528,89.32759999879636,500,859012,10000,1000000,5029919766,0.005029919766,2026-03-03T10:32:29.583115+00:00
3f064108-3442-4d2d-860a-52207a591d9a,zipf_1_3,CMS-CU,2000,M_med,0,100,0.95,0.95,0.95,0.0,155.24,153.32,0.0,16.797470901488868,72.19166666666666,64843.37219620089,82.06079999217764,2000,848108,9591,1000000,94186203610,0.09418620361,2026-03-03T10:32:29.609148+00:00
585b6d91-de7a-460a-8814-071223bcf88c,zipf_1_3,CMS-CU,2000,M_med,2,100,1.0,1.0,1.0,0.1,96.73,114.64,0.000102786287739,12.03139638940156,49.227,67539.39953083445,83.99749999807682,2000,845924,9552,1000000,94178292458,0.094178292458,2026-03-03T10:32:29.615850+00:00
5087aec4-a336-40b8-ad15-136a7373560e,mixture,CMS,500,M_small,1,100,0.22,0.22,0.22,4958.11,5296.61,5083.83,35.43434594311097,96.65509584616396,115.07334557437684,125728.02972767764,79.1348999919137,500,859012,10000,1000000,5033433830,0.00503343383,2026-03-03T10:32:29.761988+00:00
19234e72-4043-40d5-8421-16d5780e21ca,mixture,CMS,500,M_small,2,100,0.51,0.51,0.51,4884.44,4805.93,4793.13,33.72631999897114,88.10397476613214,105.33591384928982,120444.62470448248,84.65540000179317,500,859012,10000,1000000,5026880050,0.00502688005,2026-03-03T10:32:30.246189+00:00
98f869aa-2cf0-4071-86c2-c1f16ac360c0,mixture,MG,2000,M_med,0,100,0.51,0.51,0.51,163.35,55.27,44.81,0.512367521066337,0.9990772009208542,0.9992515197568388,1556088.9136861386,0.1060000067809596,2000,94924,10000,1000000,5029919766,0.005029919766,2026-03-03T10:32:30.632057+00:00
9c00d289-9225-41ce-a55e-54564d651c2e,mixture,MG,2000,M_med,1,100,0.5,0.5,0.5,163.41,55.03,44.44,0.5109087077400346,0.9958748726827904,0.9946840141907928,1586355.5654224474,0.4718999989563599,2000,182844,10000,1000000,5033433830,0.00503343383,2026-03-03T10:32:30.705407+00:00
38e0bde7-2304-4050-844f-8608c979c77c,mixture,MG,2000,M_med,2,100,0.5,0.5,0.5,164.03,54.78,45.8,0.5122493979042528,0.9996187363834425,0.9993499999999998,1536900.9928396142,0.1354999985778704,2000,102596,10000,1000000,5026880050,0.00502688005,2026-03-03T10:32:30.741132+00:00
48ab17fb-5a07-4890-983f-00cbeec7ee1e,mixture,SS,2000,M_med,0,100,0.51,0.51,0.51,45.78,92.91,78.07,0.6475595103457933,1.677294043487933,1.7489512249378172,561752.6548023183,0.4683000006480142,2000,31844612,10000,1000000,5029919766,0.005029919766,2026-03-03T10:32:32.032308+00:00
7aaeb4e6-eb57-4c21-a1ff-52abd60be8be,mixture,SS,2000,M_med,1,100,0.53,0.53,0.53,46.35,87.16,78.35,0.6453067700117044,1.579788500696835,1.7748229747681308,601412.4893986486,0.5756000027759001,2000,31854972,10000,1000000,5033433830,0.00503343383,2026-03-03T10:32:32.055309+00:00
181b80a1-02a2-4bc4-a796-765c7730dad3,zipf_1_3,CS,8000,M_large,2,100,0.96,0.96,0.96,17.61,17.74,17.54,0.0119402840734202,2.063391910078864,7.294,80244.00726121853,386.87310001114383,8000,893924,9552,1000000,94178292458,0.094178292458,2026-03-03T10:32:32.271641+00:00
bdcbf308-1160-452a-a64c-8e5897f733fe,mixture,SS,2000,M_med,2,100,0.5,0.5,0.5,56.31,80.95,68.78,0.7818225480720886,1.4739849026187153,1.5014533006555115,596992.1149297595,0.5284999933792278,2000,31837948,10000,1000000,5026880050,0.00502688005,2026-03-03T10:32:32.547350+00:00
ca91316b-c9e9-4991-99d2-25401702f000,zipf_1_3,CS,8000,M_large,1,100,0.99,0.99,0.99,16.2,16.74,12.58,0.0099081551921877,1.9397523891419235,7.783333333333332,76336.18320732986,338.4193000092637,8000,893364,9542,1000000,94221363622,0.094221363622,2026-03-03T10:32:32.586602+00:00
44b48586-e5ca-4a28-82fd-c63b8bf06167,zipf_1_3,CS,8000,M_large,0,100,0.94,0.94,0.94,12.41,18.46,16.6,0.0079690880107702,2.1771022177324517,9.121666666666668,74937.4933254235,321.0694000008516,8000,896108,9591,1000000,94186203610,0.09418620361,2026-03-03T10:32:32.723798+00:00
23f23b30-e27f-4eb7-8bc9-754afd3083cb,zipf_1_3,CMS-CU,8000,M_large,1,100,1.0,1.0,1.0,0.0,9.55,15.38,0.0,1.264155661904888,8.435833333333333,66181.3683987816,66.59800000488758,8000,893364,9542,1000000,94221363622,0.094221363622,2026-03-03T10:32:34.135136+00:00
b268d2e4-1228-4ddd-8558-2004210f5a10,mixture,CMS,2000,M_med,0,100,0.51,0.51,0.51,1152.06,1142.29,1153.51,8.130243695999905,20.74898335621689,26.004235320552866,117780.15594237212,75.34060000034515,2000,871012,10000,1000000,5029919766,0.005029919766,2026-03-03T10:32:34.364711+00:00
6a9959c2-5122-4feb-a768-ab8fa694765f,zipf_1_3,CMS-CU,8000,M_large,2,100,1.0,1.0,1.0,0.0,7.92,14.85,0.0,1.1288498847643584,6.566333333333334,64916.75082366216,59.69290000211913,8000,893924,9552,1000000,94178292458,0.094178292458,2026-03-03T10:32:34.450170+00:00
27b9e2d9-f0da-4bf9-a3cb-5b5e231f4162,mixture,CMS,2000,M_med,2,100,0.53,0.53,0.53,1169.76,1118.5,1125.61,7.911407695768398,20.49535028882514,24.73582759146916,123281.86381261123,78.38940000510775,2000,871012,10000,1000000,5026880050,0.00502688005,2026-03-03T10:32:34.452171+00:00
b1bbe77f-31c0-4b62-b024-99d4d03b6c3a,zipf_1_3,CMS-CU,8000,M_large,0,100,1.0,1.0,1.0,0.0,9.77,15.47,0.0,1.3387113537047748,7.520666666666667,64038.373432699605,86.03560000483412,8000,896108,9591,1000000,94186203610,0.09418620361,2026-03-03T10:32:34.475117+00:00
db1e04b0-3df0-4d54-8b68-90ab4320114c,mixture,CMS,2000,M_med,1,100,0.52,0.52,0.52,1104.96,1107.84,1110.5,7.691849052656067,20.158577912189607,25.05821818952055,118308.12705721158,67.65189999714494,2000,871012,10000,1000000,5033433830,0.00503343383,2026-03-03T10:32:34.610312+00:00
94269ee6-5437-43ae-a40b-f507538fa198,mixture,MG,8000,M_large,0,100,0.74,0.74,0.74,59.47,52.4,43.28,0.4197097556185762,0.9485709499828836,0.9653254948208636,1673372.9878043218,2.0579000120051205,8000,1030692,10000,1000000,5029919766,0.005029919766,2026-03-03T10:32:35.213010+00:00
32a0fc75-2e43-4472-9739-5387b08c6e8b,mixture,MG,8000,M_large,1,100,0.8,0.8,0.8,59.49,52.08,43.28,0.4127460016706542,0.9437774117377862,0.9692444282609446,1743492.501411667,2.605799993034452,8000,1023412,10000,1000000,5033433830,0.00503343383,2026-03-03T10:32:35.433921+00:00
32be512e-0ade-4142-adb7-0f618030dcb8,mixture,MG,8000,M_large,2,100,0.81,0.81,0.81,59.67,52.01,44.13,0.414530126428141,0.9499487280304252,0.9632736306872054,1595316.9152876292,7.378199996310286,8000,1030300,10000,1000000,5026880050,0.00502688005,2026-03-03T10:32:35.578107+00:00
9e543d52-de02-4e51-b5a4-b660e44929d5,mixture,SS,8000,M_large,0,100,0.74,0.74,0.74,0.53,14.05,23.64,0.0075307082183592,0.2629775622406125,0.5398449019200345,453374.1007323738,1.6828000079840422,8000,34367940,10000,1000000,5029919766,0.005029919766,2026-03-03T10:32:37.288052+00:00
9f51e9b3-df5e-4ef7-b8b2-97e65262b523,mixture,SS,8000,M_large,1,100,0.8,0.8,0.8,0.51,12.79,24.0,0.0071297010732421,0.2379782222411493,0.5470890669265958,451588.5961073194,2.3782000062055886,8000,34933644,10000,1000000,5033433830,0.00503343383,2026-03-03T10:32:37.312510+00:00
c626f804-0a7d-488d-82ec-c2a20c2c4be2,mixture,SS,8000,M_large,2,100,0.81,0.81,0.81,0.33,14.42,22.82,0.004602836390141,0.2710190930221582,0.5065862713881594,448693.7537699109,2.5690000038594007,8000,34374884,10000,1000000,5026880050,0.00502688005,2026-03-03T10:32:37.476031+00:00
b93332fd-d7c2-4d93-8d4b-6554a76a3611,mixture,CMS-CU,500,M_small,1,100,0.39,0.39,0.39,1347.44,2860.18,2721.97,18.72378410550424,52.24139483382738,61.65206054445201,65557.02572283256,95.05040000658482,500,859012,10000,1000000,5033433830,0.00503343383,2026-03-03T10:32:37.976409+00:00
0d3c08fe-ab3c-4972-a9b5-b26388716629,mixture,CS,500,M_small,0,100,0.22,0.22,0.22,194.98,1049.45,552.41,1.9742166263151228,18.607967916156227,12.170293084337109,72164.33527997654,315.6240000098478,500,859012,10000,1000000,5029919766,0.005029919766,2026-03-03T10:32:38.022387+00:00
4a7c7505-39ac-4140-a431-9ac22af122df,mixture,CS,500,M_small,1,100,0.13,0.13,0.13,492.26,1454.64,772.07,6.200398624114904,26.9391767927234,18.48281825385005,71445.08085577717,356.5200000011828,500,859012,10000,1000000,5033433830,0.00503343383,2026-03-03T10:32:38.386979+00:00
c78d1b53-3399-41e4-be38-85379caf231c,mixture,CMS-CU,500,M_small,2,100,0.5,0.5,0.5,1126.38,2269.97,2278.89,15.62333979495536,41.61061127603809,50.09020827911692,63708.59423964872,67.08920000528451,500,859012,10000,1000000,5026880050,0.00502688005,2026-03-03T10:32:38.404979+00:00
5ae180a5-49e9-4d6b-a6dd-836d93606808,mixture,CS,500,M_small,2,100,0.42,0.42,0.42,679.48,68.32,348.23,1.954215884102923,1.250661321028932,7.269187752297012,71775.80431319083,342.9819000011776,500,859012,10000,1000000,5026880050,0.00502688005,2026-03-03T10:32:38.685586+00:00
7c6420d5-a3bf-4e13-ae1e-db756d0b1385,mixture,CMS-CU,500,M_small,0,100,0.43,0.43,0.43,1239.46,2568.66,2652.52,17.526728747011024,46.75214266224523,59.679765606746734,61728.95557589629,72.00290000764653,500,859012,10000,1000000,5029919766,0.005029919766,2026-03-03T10:32:38.897676+00:00
3851b6e8-4605-48d4-8317-8ea15ec0a3eb,kosarak,MG,500,M_small,0,100,0.78,0.78,0.78,1208.24,38.36,1.67,0.7624016896779595,0.9999866844207724,1.0,1092208.7398777823,0.1288000057684257,500,39128,25343,1000000,12806120190,0.01280612019,2026-03-03T10:32:38.951799+00:00
8a3dcf65-0960-4cbf-92c6-9e80fca91cf8,mixture,CMS,8000,M_large,2,100,0.52,0.52,0.52,236.82,220.23,219.33,1.5642211865160918,4.032477316125633,4.811170599250217,119729.31644018184,86.11139999993611,8000,919012,10000,1000000,5026880050,0.00502688005,2026-03-03T10:32:39.677445+00:00
6dc7f734-4551-4aea-8143-7dfaa41a057c,mixture,CMS,8000,M_large,0,100,0.51,0.51,0.51,237.64,225.24,235.32,1.6537473890189145,4.089399826386551,5.304048736753205,117628.8014498086,68.36930000281427,8000,919012,10000,1000000,5029919766,0.005029919766,2026-03-03T10:32:39.689456+00:00
c67727b8-c643-4538-8077-013efc88b7ed,mixture,CMS,8000,M_large,1,100,0.5,0.5,0.5,219.82,210.57,216.83,1.477118865324101,3.829015820159853,4.890554683191466,117049.1237029751,90.70719999726862,8000,919012,10000,1000000,5033433830,0.00503343383,2026-03-03T10:32:39.829952+00:00
ce7f8519-7eb4-4bde-b63c-799cef68b0d0,kosarak,MG,2000,M_med,0,100,1.0,1.0,1.0,271.99,32.56,1.66,0.1871841510784076,0.9881744843360852,0.995,1142721.5834221782,0.4556999920168891,2000,242080,25343,1000000,12806120190,0.01280612019,2026-03-03T10:32:39.981631+00:00
9f4ab773-6522-40e1-ade0-8343b19f543b,kosarak,SS,500,M_small,0,100,0.79,0.79,0.79,254.26,49.12,1.67,0.2624078098029417,1.0952212477027876,1.0,415377.18013515376,0.1813999988371506,500,19220232,25343,1000000,12806120190,0.01280612019,2026-03-03T10:32:40.628944+00:00
ce4b4990-97ef-4b7e-997b-eb3392d58b3c,kosarak,MG,8000,M_large,0,100,1.0,1.0,1.0,25.0,14.08,1.65,0.017205500641989,0.7971946441350599,0.985,1314025.394603874,2.1844000002602115,8000,998776,25343,1000000,12806120190,0.01280612019,2026-03-03T10:32:41.248095+00:00
cebb2614-f4df-4f8e-a6d7-9e14ac2473f3,kosarak,SS,2000,M_med,0,100,1.0,1.0,1.0,0.01,37.44,4.36,1.169590643274854e-05,1.5838017881471762,2.345,421477.8716948234,0.5825999978696927,2000,29506888,25343,1000000,12806120190,0.01280612019,2026-03-03T10:32:41.684543+00:00
7451d2bc-b1ce-48d8-bfb2-19f778be9a89,kosarak,SS,8000,M_large,0,100,1.0,1.0,1.0,0.0,6.14,2.13,0.0,0.7933978168736152,1.35,545917.2649273621,2.330700008315034,8000,52556912,25343,1000000,12806120190,0.01280612019,2026-03-03T10:32:42.517482+00:00
09b28d74-9f53-4f82-a473-4165bcd539cd,retail,MG,500,M_small,0,100,0.56,0.56,0.56,1057.29,65.89,3.4,0.8442538529858723,0.9997705808639245,1.0,1003262.6220249576,0.0952999980654567,500,45624,16470,908576,5364936090,0.0064989325748049,2026-03-03T10:32:42.857752+00:00
b77992c5-61e1-4815-8202-e4196195fcc7,mixture,CS,2000,M_med,1,100,0.5,0.5,0.5,50.15,45.83,43.08,0.3622703705593981,0.829505482324975,0.9684952121926216,72089.61205923327,352.1741000004113,2000,871012,10000,1000000,5033433830,0.00503343383,2026-03-03T10:32:43.868432+00:00
ac477dfe-7f80-4f55-b679-019bf1d84b65,mixture,CS,2000,M_med,0,100,0.5,0.5,0.5,55.51,56.59,44.98,0.4406011682091711,1.0164980462763284,1.045667660051876,70190.92788717893,351.0236000001896,2000,871012,10000,1000000,5029919766,0.005029919766,2026-03-03T10:32:43.932921+00:00
8fead795-6894-43b3-b1a2-0fbe6cf51d97,mixture,CMS-CU,2000,M_med,2,100,0.51,0.51,0.51,235.59,488.38,497.33,3.2679571741965288,8.955809609088124,10.937176627557555,63403.15053677152,67.64660000044387,2000,871012,10000,1000000,5026880050,0.00502688005,2026-03-03T10:32:43.955711+00:00
af91d3f0-0dc5-4291-99ea-92bbe18cb5b6,mixture,CS,2000,M_med,2,100,0.49,0.49,0.49,765.51,65.57,65.57,0.5965659831976481,1.196478721406681,1.43536334845681,72727.21348766229,448.6095000029309,2000,871012,10000,1000000,5026880050,0.00502688005,2026-03-03T10:32:43.987137+00:00
1deb1224-3bc9-457a-ad19-7a70df025e7e,mixture,CMS-CU,2000,M_med,0,100,0.5,0.5,0.5,240.75,497.08,507.31,3.4048553459636905,9.036129495184428,11.445413734869897,61061.27835732068,81.29509999707807,2000,871012,10000,1000000,5029919766,0.005029919766,2026-03-03T10:32:44.261578+00:00
f4a30205-4015-45be-9ab1-fb76863e105b,mixture,CMS-CU,2000,M_med,1,100,0.53,0.53,0.53,239.52,495.69,506.19,3.329205690043908,9.03074138705232,11.435261402180169,60445.13112258144,69.17030000477098,2000,871012,10000,1000000,5033433830,0.00503343383,2026-03-03T10:32:44.574032+00:00
66934a89-eb22-4ebe-b985-a54fd825e269,retail,SS,500,M_small,0,100,0.56,0.56,0.56,535.35,97.63,3.4,0.5690087733827383,1.262916806722689,1.0,399175.8816895825,0.1900999923236668,500,10167504,16470,908576,5364936090,0.0064989325748049,2026-03-03T10:32:44.807261+00:00
94a491d4-542c-4fa7-8838-e75b8cc65183,kosarak,CMS,500,M_small,0,100,0.25,0.25,0.25,5492.29,5688.32,5743.66,3.779675000417913,589.6883840807051,4194.046666666666,114445.91109420566,202.5004000024637,500,2734032,25343,1000000,12806120190,0.01280612019,2026-03-03T10:32:44.990661+00:00
46560fc1-186f-4529-b8df-8db62ae70eee,retail,MG,2000,M_med,0,100,0.97,0.97,0.97,295.14,60.43,3.4,0.2607274402650903,0.9897622992675325,1.0,1177464.044012061,0.4467000107979402,2000,216712,16470,908576,5364936090,0.0064989325748049,2026-03-03T10:32:45.409455+00:00
0a2a75c1-70fc-4491-aca2-bfe8abdd0a5c,retail,MG,8000,M_large,0,100,1.0,1.0,1.0,23.87,20.43,3.22,0.021115977424756,0.6335711339944957,0.9453055555555556,1294289.562128123,3.360600006999448,8000,1012828,16470,908576,5364936090,0.0064989325748049,2026-03-03T10:32:46.217067+00:00
0a7ca0df-3c9c-4225-a44e-ef3172880f01,retail,SS,2000,M_med,0,100,0.97,0.97,0.97,16.86,63.26,9.52,0.0152480189582712,1.4829073917924367,4.704,397402.06083354657,0.712799999746494,2000,18564728,16470,908576,5364936090,0.0064989325748049,2026-03-03T10:32:46.961891+00:00
5d69bc98-e988-4980-baaf-570eb76313a6,mixture,CS,8000,M_large,1,100,0.5,0.5,0.5,39.28,39.49,34.36,0.242094450195052,0.7134667686438222,0.7726382982319262,72762.31188157218,289.53069999988656,8000,919012,10000,1000000,5033433830,0.00503343383,2026-03-03T10:32:47.098231+00:00
140b7591-7113-4a3d-ad91-078d365da995,mixture,CS,8000,M_large,2,100,0.5,0.5,0.5,45.73,39.81,36.26,0.2673482192138827,0.727950221544468,0.7944435080818699,72324.27189041027,312.1404999983497,8000,919012,10000,1000000,5026880050,0.00502688005,2026-03-03T10:32:47.368185+00:00
0a2f1126-ad3e-4c51-ad4a-7d4b6f39991b,kosarak,CMS,2000,M_med,0,100,0.6,0.6,0.6,963.24,1053.36,1087.4,0.6563199239973814,111.46794708510448,792.1900000000002,112497.20542896177,174.1011999984039,2000,2746032,25343,1000000,12806120190,0.01280612019,2026-03-03T10:32:47.425188+00:00
25c60aa2-fd31-4fe8-be67-dd898b0bd44d,retail,SS,8000,M_large,0,100,1.0,1.0,1.0,1.13,6.64,6.05,0.000997440782244,0.4037813591040375,2.4699722222222222,558018.9864160349,2.8469999961089343,8000,46749780,16470,908576,5364936090,0.0064989325748049,2026-03-03T10:32:47.400189+00:00
ae1af1bc-70cd-45a1-9d13-909b5f387dda,mixture,CS,8000,M_large,0,100,0.5,0.5,0.5,37.74,42.12,37.52,0.256801409217518,0.764365204041267,0.8407698980221556,69546.466696279,286.91510000498965,8000,919012,10000,1000000,5029919766,0.005029919766,2026-03-03T10:32:47.736944+00:00
75c1c283-b9a9-40c1-9b74-88dba6136006,mixture,CMS-CU,8000,M_large,1,100,0.53,0.53,0.53,32.18,80.93,91.48,0.4480333395712456,1.479325230197494,2.073575111104737,63818.51118202925,50.372500001685694,8000,919012,10000,1000000,5033433830,0.00503343383,2026-03-03T10:32:48.295510+00:00
90d051b2-902e-4802-adb5-6c09f406e1ff,kosarak,CMS,8000,M_large,0,100,0.96,0.96,0.96,115.6,137.14,156.47,0.0803465614933692,14.505651599916373,113.67666666666668,114309.75983361702,128.09779999952298,8000,2794032,25343,1000000,12806120190,0.01280612019,2026-03-03T10:32:48.301510+00:00
298daa77-e235-42fb-af04-a8781883c74a,mixture,CMS-CU,8000,M_large,2,100,0.52,0.52,0.52,32.96,82.54,91.27,0.4575487891456187,1.5171954455235794,2.0126388934477992,64502.72619803062,57.795699991402216,8000,919012,10000,1000000,5026880050,0.00502688005,2026-03-03T10:32:48.308510+00:00
ca3eba8a-b003-481b-8aac-bcd25061bc93,mixture,CMS-CU,8000,M_large,0,100,0.5,0.5,0.5,34.21,83.91,94.12,0.4841092811841544,1.5294230593411655,2.1321949716476136,63513.8747615024,45.9850000042934,8000,919012,10000,1000000,5029919766,0.005029919766,2026-03-03T10:32:48.311510+00:00
bb05c76c-1d83-4f5f-92de-34cbd8ecd314,retail,CMS,500,M_small,0,100,0.24,0.24,0.24,6119.48,6252.62,6170.7,5.443276989145557,234.31844860650835,3063.489035714285,117187.80783828572,100.0346999935573,500,1516252,16470,908576,5364936090,0.0064989325748049,2026-03-03T10:32:48.384761+00:00
24cf63af-3d89-4b94-bff8-6acc5160f915,retail,CMS,2000,M_med,0,100,0.64,0.64,0.64,1180.44,1175.77,1259.61,1.0605663430311347,44.786056349676,622.4816507936507,130319.88021625858,77.0840000041062,2000,1528252,16470,908576,5364936090,0.0064989325748049,2026-03-03T10:32:50.301415+00:00
f59328ea-d6f1-4cc7-be78-d924f21f9578,kosarak,CS,500,M_small,0,100,0.15,0.15,0.15,820.46,411.9,479.37,0.5130710721541507,38.10844568495224,328.1816666666666,75225.73607232969,739.2025000008289,500,2734032,25343,1000000,12806120190,0.01280612019,2026-03-03T10:32:50.445073+00:00
3b2369d5-62c9-4725-a9b8-c1eb498fcc23,retail,CMS,8000,M_large,0,100,0.93,0.93,0.93,154.08,163.41,155.73,0.1379198734558419,6.44562662227986,82.48046428571429,154233.89680710158,81.3954999903217,8000,1576252,16470,908576,5364936090,0.0064989325748049,2026-03-03T10:32:50.613307+00:00
9e55bf50-b99d-4c6f-9d45-90e5bbc29f58,kosarak,CMS-CU,500,M_small,0,100,0.35,0.35,0.35,1324.18,3015.82,3052.74,1.2043401499469413,315.4876222350469,2233.8150000000005,67988.61693780869,120.55630001123065,500,2734032,25343,1000000,12806120190,0.01280612019,2026-03-03T10:32:51.047494+00:00
80d211b1-d981-44f7-8307-baa4b31c3491,kosarak,CS,2000,M_med,0,100,0.43,0.43,0.43,224.16,120.7,134.52,0.154586486715033,10.4658443273998,97.485,81011.40667341764,558.9897000027122,2000,2746032,25343,1000000,12806120190,0.01280612019,2026-03-03T10:32:51.714698+00:00
b8582487-484a-4ec6-ab64-4649e8720acc,kosarak,CS,8000,M_large,0,100,0.9,0.9,0.9,63.78,52.73,56.38,0.0396051884534391,5.284491254422882,39.46333333333333,83927.34168317214,414.0762999886647,8000,2794032,25343,1000000,12806120190,0.01280612019,2026-03-03T10:32:52.068974+00:00
b2056366-a526-4db8-a4d1-0bfed36b996b,retail,CS,500,M_small,0,100,0.15,0.15,0.15,565.81,270.57,281.44,0.5078294946529717,9.688626254569469,166.93513095238094,87200.0882196808,263.219400003436,500,1516252,16470,908576,5364936090,0.0064989325748049,2026-03-03T10:32:52.112073+00:00
4bba2dc6-b534-4a95-9a6d-f35fac6bb913,kosarak,CMS-CU,2000,M_med,0,100,0.88,0.88,0.88,0.64,590.57,624.28,0.0006281489242588,64.16191383191168,456.175,74272.08013870093,96.92329999234062,2000,2746032,25343,1000000,12806120190,0.01280612019,2026-03-03T10:32:52.220071+00:00
d2b62a1d-72b6-4d36-ae29-ddf7f6260003,retail,CMS-CU,500,M_small,0,100,0.27,0.27,0.27,1808.17,3060.03,3122.61,1.842162055559997,116.14436367436905,1561.9820436507937,77442.57112175316,56.34060000011232,500,1516252,16470,908576,5364936090,0.0064989325748049,2026-03-03T10:32:52.401383+00:00
4878fa03-a79f-483e-94c4-13b0cc621b6f,kosarak,CMS-CU,8000,M_large,0,100,1.0,1.0,1.0,0.01,68.31,94.62,1.169590643274854e-05,8.714830649377179,68.81500000000001,76550.19093267406,87.28969999356195,8000,2794032,25343,1000000,12806120190,0.01280612019,2026-03-03T10:32:52.779272+00:00
79bed343-c6e8-486e-a69a-9bd03b76ff8c,retail,CS,2000,M_med,0,100,0.4,0.4,0.4,267.86,157.0,169.02,0.245739862021297,5.276273013133765,91.84399603174604,105571.2854134505,227.78299999481533,2000,1528252,16470,908576,5364936090,0.0064989325748049,2026-03-03T10:32:53.384566+00:00
e4743853-d738-4f10-917d-36ab08aeb375,retail,CS,8000,M_large,0,100,0.87,0.87,0.87,96.9,66.06,44.19,0.0869145663231794,2.4710921760393405,22.895111111111103,110775.82028425676,227.5612000084948,8000,1576252,16470,908576,5364936090,0.0064989325748049,2026-03-03T10:32:53.663307+00:00
6851f155-e633-4b39-aa04-c9e08a7f6721,retail,CMS-CU,2000,M_med,0,100,0.83,0.83,0.83,44.15,602.82,664.49,0.0419399753978227,23.99983086927983,332.8995873015873,89929.10091814326,54.17429999215528,2000,1528252,16470,908576,5364936090,0.0064989325748049,2026-03-03T10:32:53.677242+00:00
233b6b18-8b0e-4a66-be5b-62e5dd60f936,retail,CMS-CU,8000,M_large,0,100,0.98,0.98,0.98,5.71,68.52,96.52,0.0052321792397334,3.2669844215988526,49.77409523809524,96916.8005742982,51.04479999863543,8000,1576252,16470,908576,5364936090,0.0064989325748049,2026-03-03T10:32:54.295231+00:00
67b9b0da-2ef9-47e4-9405-b3280eee4766,zipf_1_3,CMS-B,500,M_small,0,100,0.81,0.81,0.81,1662.13,1740.99,1711.93,1.0796020389475207,181.99067675304283,800.7786666666667,284967.88967580424,1.421599998138845,500,68972,9591,1000000,94186203610,0.09418620361,2026-03-03T17:22:53.905024+00:00
d9772dba-185e-4b51-8e0d-694d719f7df0,zipf_1_3,CMS-B,500,M_small,1,100,0.63,0.63,0.63,1501.68,2013.19,1905.19,0.9616789693212883,220.26259286355716,971.4754999999996,289849.418299734,1.3621999969473109,500,68972,9542,1000000,94221363622,0.094221363622,2026-03-03T17:22:57.503137+00:00
08a17437-beb9-4a70-8578-fbd168675101,zipf_1_3,CMS-B,500,M_small,2,100,0.76,0.76,0.76,1944.21,1301.19,1285.01,1.4019361490532813,151.85810442220617,562.2695000000001,295105.4692200176,1.3469000114127994,500,68972,9552,1000000,94178292458,0.094178292458,2026-03-03T17:23:01.053386+00:00
ab5260be-2f44-4cc3-be96-0295423a2768,zipf_1_3,CMS-B,2000,M_med,0,100,0.97,0.97,0.97,208.71,254.67,237.06,0.1308337839565074,26.68230995992458,112.29599999999999,249551.3192054439,5.715300008887425,2000,275564,9591,1000000,94186203610,0.09418620361,2026-03-03T17:23:05.204867+00:00
b7b1faea-405b-4ad8-a510-802d4b6f9634,zipf_1_3,CMS-B,2000,M_med,1,100,0.98,0.98,0.98,222.23,266.94,281.04,0.1422734733576199,29.631147639357053,144.58483333333334,251834.67859169364,5.320299998857081,2000,275564,9542,1000000,94221363622,0.094221363622,2026-03-03T17:23:09.345488+00:00
8d235652-7dba-4b73-9a8a-9100df09288b,zipf_1_3,CMS-B,2000,M_med,2,100,0.97,0.97,0.97,266.52,191.31,192.59,0.1752938244606682,21.583103484270868,78.94966666666666,251185.62125034622,5.261199999949895,2000,275564,9552,1000000,94178292458,0.094178292458,2026-03-03T17:23:13.484012+00:00
0bdcfdb2-07ef-4efa-8cab-c317dae353b3,zipf_1_3,CMS-B,8000,M_large,0,100,1.0,1.0,1.0,23.64,23.28,21.69,0.015026573630665174,2.524854457954648,10.588000000000001,262737.5561325802,41.02879999845754,8000,1101932,9591,1000000,94186203610,0.09418620361,2026-03-03T17:23:17.491387+00:00
871f5a65-b2a6-4735-80a3-efa9d0533202,zipf_1_3,CMS-B,8000,M_large,1,100,1.0,1.0,1.0,23.31,23.43,24.24,0.015082109939704496,2.3772536083932945,13.235166666666666,148212.90950426875,41.647100006230175,8000,1101932,9542,1000000,94221363622,0.094221363622,2026-03-03T17:23:24.587309+00:00
e8a4b786-ea7c-4cf2-be76-9c29804a3416,zipf_1_3,CMS-B,8000,M_large,2,100,1.0,1.0,1.0,25.73,21.69,25.68,0.016841908898035437,2.3675846449637246,11.217166666666664,321818.361276292,20.218300007400103,8000,1101932,9552,1000000,94178292458,0.094178292458,2026-03-03T17:23:27.888581+00:00
